{
    "loss": 0.6834881901741028,
    "accuracy": 0.9051724076271057
}